[
  {
    "id": 0,
    "userid": 7,
    "businessid": 8,
    "caption": "This is my dinner."
  },
  {
    "id": 1,
    "userid": 25,
    "businessid": 2
  },
  {
    "id": 2,
    "userid": 26,
    "businessid": 1,
    "caption": "Hops"
  },
  {
    "id": 3,
    "userid": 21,
    "businessid": 14
  },
  {
    "id": 4,
    "userid": 28,
    "businessid": 18,
    "caption": "Sticky Hands"
  },
  {
    "id": 5,
    "userid": 21,
    "businessid": 9,
    "caption": "Popcorn!"
  },
  {
    "id": 6,
    "userid": 26,
    "businessid": 8
  },
  {
    "id": 7,
    "userid": 25,
    "businessid": 18,
    "caption": "Big fermentor"
  },
  {
    "id": 8,
    "userid": 20,
    "businessid": 2
  },
  {
    "id": 9,
    "userid": 6,
    "businessid": 15,
    "caption": "Cake!"
  }
]
