[
  {
    "id": 0,
    "userid": 7,
    "businessid": 8,
    "dollars": 1,
    "stars": 4.5,
    "review": "Cheap, delicious food."
  },
  {
    "id": 1,
    "userid": 25,
    "businessid": 2,
    "dollars": 1,
    "stars": 4,
    "review": "How many fasteners can one room hold?"
  },
  {
    "id": 2,
    "userid": 26,
    "businessid": 1,
    "dollars": 1,
    "stars": 5,
    "review": "Joel, the owner, is super friendly and helpful."
  },
  {
    "id": 3,
    "userid": 21,
    "businessid": 14,
    "dollars": 2,
    "stars": 4
  },
  {
    "id": 4,
    "userid": 28,
    "businessid": 18,
    "dollars": 1,
    "stars": 4,
    "review": "Good beer, good food, though limited selection."
  },
  {
    "id": 5,
    "userid": 21,
    "businessid": 9,
    "dollars": 1,
    "stars": 5,
    "review": "A Corvallis gem."
  },
  {
    "id": 6,
    "userid": 26,
    "businessid": 8,
    "dollars": 1,
    "stars": 5,
    "review": "Yummmmmmm!"
  },
  {
    "id": 7,
    "userid": 25,
    "businessid": 18,
    "dollars": 2,
    "stars": 4.5
  },
  {
    "id": 8,
    "userid": 20,
    "businessid": 2,
    "dollars": 2,
    "stars": 4
  },
  {
    "id": 9,
    "userid": 6,
    "businessid": 15,
    "dollars": 2,
    "stars": 5,
    "review": "Try the hazlenut torte.  It's the best!"
  }
]
